Wall time,Step,Value
1566983820.567554,2193,0.6803278923034668
1566983831.279257,4386,0.7540983557701111
1566983842.160775,6579,0.7827869057655334
1566983848.785556,8772,0.75
1566983859.859334,10965,0.7745901346206665
1566983871.518681,13158,0.7909836173057556
1566983878.3301172,15351,0.7213114500045776
1566983885.103956,17544,0.7991803288459778
1566983896.616242,19737,0.8155737519264221
1566983903.2899241,21930,0.7950819730758667
