Wall time,Step,Value
1566983820.5674171,2193,1.1449145078659058
1566983831.279109,4386,0.751780092716217
1566983842.160684,6579,0.6756867170333862
1566983848.7854521,8772,0.6991865038871765
1566983859.8592489,10965,0.6333014965057373
1566983871.518594,13158,0.5975873470306396
1566983878.330019,15351,0.807625949382782
1566983885.103866,17544,0.6280016899108887
1566983896.616155,19737,0.5945335626602173
1566983903.289834,21930,0.6162428855895996
