Wall time,Step,Value
1567039221.0317628,6038,0.20715349912643433
1567039271.114675,12076,0.29061102867126465
1567039308.9076421,18114,0.29955291748046875
1567039343.06283,24152,0.3025335371494293
1567039377.719553,30190,0.30104321241378784
1567039405.9842439,36228,0.30104321241378784
1567039436.141786,42266,0.29955291748046875
1567039475.689507,48304,0.3129657208919525
1567039511.4074051,54342,0.33681073784828186
1567039551.545202,60380,0.3323397934436798
