Wall time,Step,Value
1567039221.0316448,6038,2.557497262954712
1567039271.11456,12076,2.3836216926574707
1567039308.907543,18114,2.305999517440796
1567039343.062735,24152,2.227952480316162
1567039377.719459,30190,2.20552659034729
1567039405.9841652,36228,2.2146828174591064
1567039436.1417,42266,2.2218704223632812
1567039475.689406,48304,2.185840368270874
1567039511.407307,54342,2.1525042057037354
1567039551.5451,60380,2.1411871910095215
