Wall time,Step,Value
1567146989.2496588,4845,0.3487940728664398
1567147022.014092,9690,0.40445268154144287
1567147055.745334,14535,0.44155845046043396
1567147089.703994,19380,0.41187384724617004
1567147123.438706,24225,0.4378478527069092
1567147157.337188,29070,0.41558441519737244
1567147182.8929229,33915,0.3840445280075073
1567147208.215269,38760,0.4322820007801056
1567147242.6018429,43605,0.43970316648483276
1567147277.43995,48450,0.44897958636283875
1567147302.6213381,53295,0.44155845046043396
1567147335.8398771,58140,0.44897958636283875
1567147369.681257,62985,0.4712430536746979
1567147394.783829,67830,0.41929498314857483
1567147420.3466182,72675,0.48423004150390625
1567147457.591678,77520,0.47495362162590027
1567147491.284309,82365,0.4675324559211731
1567147516.1349928,87210,0.48794063925743103
1567147540.957526,92055,0.47495362162590027
1567147566.853013,96900,0.4601113200187683
1567147601.803264,101745,0.497217059135437
1567147627.051208,106590,0.48051947355270386
1567147652.246957,111435,0.4712430536746979
1567147677.305546,116280,0.48237475752830505
1567147702.389868,121125,0.48608535528182983
1567147727.4327638,125970,0.47866418957710266
1567147752.571105,130815,0.48608535528182983
1567147777.999846,135660,0.4675324559211731
1567147803.0893068,140505,0.47680890560150146
1567147828.3628669,145350,0.4916512072086334
1567147853.7329369,150195,0.5009276270866394
1567147878.725738,155040,0.4916512072086334
1567147903.698482,159885,0.497217059135437
1567147928.6549828,164730,0.5046381950378418
1567147953.530088,169575,0.48794063925743103
1567147978.4513128,174420,0.4990723431110382
1567148003.341194,179265,0.508348822593689
1567148028.246426,184110,0.48794063925743103
1567148053.1720698,188955,0.4730983376502991
1567148078.102697,193800,0.4730983376502991
1567148103.199528,198645,0.5009276270866394
1567148128.4985468,203490,0.48237475752830505
1567148153.720942,208335,0.4935064911842346
1567148178.920876,213180,0.47495362162590027
1567148204.1151092,218025,0.4935064911842346
1567148228.746214,222870,0.48051947355270386
1567148254.262248,227715,0.497217059135437
1567148279.377446,232560,0.5231910943984985
1567148304.140789,237405,0.5139146447181702
1567148328.911038,242250,0.4897959232330322
