Wall time,Step,Value
1566982888.365713,2193,1.543173909187317
1566982888.8793862,4386,1.2246930599212646
1566982889.371041,6579,1.0167481899261475
1566982889.8654091,8772,0.9026132822036743
1566982890.360946,10965,0.8308318257331848
1566982890.833715,13158,0.7964572310447693
1566982891.313247,15351,0.7702386975288391
1566982891.791681,17544,0.7509530186653137
1566982892.249861,19737,0.7374201416969299
1566982892.7027571,21930,0.7263661623001099
