Wall time,Step,Value
1566982888.365808,2193,0.4139344096183777
1566982888.879503,4386,0.6393442749977112
1566982889.371131,6579,0.7008196711540222
1566982889.8655171,8772,0.7131147384643555
1566982890.361061,10965,0.7049180269241333
1566982890.8338182,13158,0.7418032884597778
1566982891.3133938,15351,0.7295082211494446
1566982891.791788,17544,0.7377049326896667
1566982892.2499578,19737,0.7377049326896667
1566982892.702848,21930,0.7745901942253113
