Wall time,Step,Value
1566972589.3289459,4845,0.8293135166168213
1566972589.949344,9690,0.871985137462616
1566972590.5830028,14535,0.8868274688720703
1566972591.1867788,19380,0.8868274688720703
1566972591.8203719,24225,0.8905380368232727
1566972592.4237802,29070,0.8942486047744751
1566972593.059802,33915,0.8923933506011963
1566972593.6347342,38760,0.8868274688720703
1566972594.241855,43605,0.8868274688720703
1566972594.857919,48450,0.8831169009208679
