Wall time,Step,Value
1566982737.835743,6701,0.1534135788679123
1566982740.286062,13402,0.15499071776866913
1566982742.6493282,20103,0.1553325206041336
1566982747.233404,26804,0.15306173264980316
1566982749.604794,33505,0.1532379686832428
1566982754.2544289,40206,0.15299314260482788
1566982758.9005802,46907,0.1529598832130432
1566982763.577843,53608,0.15265780687332153
1566982765.980314,60309,0.15280237793922424
1566982768.392053,67010,0.15545953810214996
