Wall time,Step,Value
1566982737.8358452,6701,0.9489932656288147
1566982740.286148,13402,0.9463087320327759
1566982742.64941,20103,0.9476510286331177
1566982747.233512,26804,0.9489932656288147
1566982749.604874,33505,0.9489932656288147
1566982754.254519,40206,0.9449664354324341
1566982758.900684,46907,0.9503355622291565
1566982763.5779321,53608,0.9503355622291565
1566982765.9803991,60309,0.9503355622291565
1566982768.392137,67010,0.9489932656288147
