Wall time,Step,Value
1566974645.7778728,4845,0.641966700553894
1566974663.19233,9690,0.42988988757133484
1566974680.033481,14535,0.3542215824127197
1566974697.333083,19380,0.30937254428863525
1566974702.882273,24225,0.3175208270549774
1566974719.759719,29070,0.2888728082180023
1566974736.361668,33915,0.28147372603416443
1566974741.9563892,38760,0.35115110874176025
1566974747.388224,43605,0.29155707359313965
1566974752.8796842,48450,0.29727810621261597
