Wall time,Step,Value
1567035968.602726,6038,2.644143581390381
1567035969.795802,12076,2.501631021499634
1567035970.982869,18114,2.4055440425872803
1567035972.066747,24152,2.34012508392334
1567035973.26066,30190,2.2797470092773438
1567035974.342423,36228,2.2269866466522217
1567035975.492637,42266,2.2027485370635986
1567035976.620877,48304,2.170684576034546
1567035977.817305,54342,2.157850503921509
1567035978.8760262,60380,2.1398682594299316
