Wall time,Step,Value
1567035968.60288,6038,0.21162444353103638
1567035969.796005,12076,0.25335320830345154
1567035970.9830348,18114,0.2697466313838959
1567035972.066895,24152,0.28166913986206055
1567035973.2608252,30190,0.3025335371494293
1567035974.3425732,36228,0.3263785243034363
1567035975.492786,42266,0.3353204131126404
1567035976.7615821,48304,0.32935917377471924
1567035977.817444,54342,0.3412816822528839
1567035978.876171,60380,0.35767510533332825
