Wall time,Step,Value
1566972443.804846,4845,0.8404452800750732
1566972457.7968059,9690,0.8775510191917419
1566972471.606338,14535,0.8868274688720703
1566972485.404175,19380,0.8831169009208679
1566972498.88225,24225,0.8794063329696655
1566972511.9144251,29070,0.8831169009208679
1566972516.82591,33915,0.8794063329696655
1566972529.847187,38760,0.8775510191917419
1566972534.76311,43605,0.8794063329696655
1566972548.683756,48450,0.8849721550941467
