Wall time,Step,Value
1566972443.804769,4845,0.4151543974876404
1566972457.796704,9690,0.3262914717197418
1566972471.6062322,14535,0.30800601840019226
1566972485.4040709,19380,0.30242010951042175
1566972498.882151,24225,0.2995772063732147
1566972511.914326,29070,0.29751741886138916
1566972516.825828,33915,0.2996697723865509
1566972529.847084,38760,0.29723992943763733
1566972534.76303,43605,0.29775911569595337
1566972548.6836631,48450,0.2937251329421997
