Wall time,Step,Value
1566982291.880717,6701,0.7315436005592346
1566982292.516984,13402,0.8523489832878113
1566982293.097387,20103,0.8711409568786621
1566982293.62416,26804,0.8765100836753845
1566982294.174346,33505,0.8845637440681458
1566982294.696751,40206,0.8939597606658936
1566982295.220779,46907,0.900671124458313
1566982295.748418,53608,0.9060402512550354
1566982296.2414138,60309,0.908724844455719
1566982296.7454982,67010,0.9127516746520996
