Wall time,Step,Value
1566982291.880637,6701,0.5799492597579956
1566982292.516887,13402,0.46408891677856445
1566982293.097285,20103,0.3799876570701599
1566982293.624052,26804,0.3311598598957062
1566982294.174258,33505,0.3035246729850769
1566982294.696647,40206,0.2868182361125946
1566982295.2206662,46907,0.2745732069015503
1566982295.748332,53608,0.2641541659832001
1566982296.241319,60309,0.2568586766719818
1566982296.7453928,67010,0.24861520528793335
