Wall time,Step,Value
1566982227.148536,6701,0.9503355622291565
1566982231.442966,13402,0.9489932656288147
1566982235.5329258,20103,0.9530201554298401
1566982239.490401,26804,0.9543623924255371
1566982243.7383192,33505,0.9530201554298401
1566982247.895423,40206,0.9543623924255371
1566982250.1747909,46907,0.9583892822265625
1566982254.177909,53608,0.9543623924255371
1566982256.430895,60309,0.9570469856262207
1566982260.4871528,67010,0.9503355622291565
