Wall time,Step,Value
1567144982.1084201,15970,0.7577464580535889
1567144987.000601,31940,0.7881690263748169
1567144991.869835,47910,0.798309862613678
1567144996.715088,63880,0.8045070171356201
1567145001.616975,79850,0.8033803105354309
1567145006.4981172,95820,0.812394380569458
1567145011.3293939,111790,0.815211296081543
1567145016.169049,127760,0.810704231262207
1567145020.910173,143730,0.8180281519889832
1567145024.800555,159700,0.809577465057373
1567145029.816162,175670,0.8197183012962341
1567145033.800503,191640,0.8174647688865662
1567145037.737547,207610,0.827605664730072
1567145042.607747,223580,0.8247887492179871
1567145046.493852,239550,0.8185915350914001
1567145050.3491242,255520,0.825352132320404
1567145054.221069,271490,0.8219718337059021
1567145058.149951,287460,0.8236619830131531
1567145062.033018,303430,0.8214084506034851
1567145065.934113,319400,0.8214084506034851
1567145069.854314,335370,0.811267614364624
1567145074.805998,351340,0.8247887492179871
1567145078.688761,367310,0.8208450675010681
1567145082.6118348,383280,0.8281689882278442
1567145086.590349,399250,0.8174647688865662
