Wall time,Step,Value
1567027864.783051,4845,0.37476807832717896
1567027865.672746,9690,0.4007421135902405
1567027866.56918,14535,0.4230055510997772
1567027867.453986,19380,0.45083487033843994
1567027868.376246,24225,0.47495362162590027
1567027869.3172421,29070,0.4897959232330322
1567027870.251909,33915,0.4953617751598358
1567027871.1818209,38760,0.502782940864563
1567027872.087797,43605,0.5139146447181702
1567027873.0092669,48450,0.5120593905448914
1567027873.91545,53295,0.5269016623497009
1567027874.851298,58140,0.5417439937591553
1567027875.769025,62985,0.5417439937591553
1567027876.7319732,67830,0.5454545617103577
1567027877.73316,72675,0.5454545617103577
1567027878.661014,77520,0.5473098158836365
1567027879.581246,82365,0.5510203838348389
1567027880.491155,87210,0.554731011390686
1567027881.390198,92055,0.5510203838348389
1567027882.286454,96900,0.5565862655639648
1567027883.0944,101745,0.5510203838348389
1567027883.987502,106590,0.5417439937591553
1567027884.8699489,111435,0.5473098158836365
1567027885.75149,116280,0.5473098158836365
1567027886.662806,121125,0.5491651296615601
1567027887.572642,125970,0.5565862655639648
1567027888.469503,130815,0.5565862655639648
1567027889.353247,135660,0.5565862655639648
1567027890.171128,140505,0.5528756976127625
1567027891.0466309,145350,0.5584415793418884
1567027891.86174,150195,0.5621521472930908
1567027892.741337,155040,0.5602968335151672
1567027893.627605,159885,0.573283851146698
1567027894.444302,164730,0.567717969417572
1567027895.26936,169575,0.5621521472930908
1567027896.095702,174420,0.5621521472930908
1567027896.9346292,179265,0.5695732831954956
1567027897.732488,184110,0.5695732831954956
1567027898.577058,188955,0.5714285969734192
1567027899.470884,193800,0.5714285969734192
1567027900.3082721,198645,0.5640074014663696
1567027901.151375,203490,0.5751391649246216
1567027901.991798,208335,0.5695732831954956
1567027902.794133,213180,0.5640074014663696
1567027903.627145,218025,0.5751391649246216
1567027904.444372,222870,0.5751391649246216
1567027905.287431,227715,0.573283851146698
1567027906.114984,232560,0.578849732875824
1567027906.9558241,237405,0.5714285969734192
1567027907.757099,242250,0.578849732875824
