Wall time,Step,Value
1566982227.148461,6701,0.1555454581975937
1566982231.4428768,13402,0.14094257354736328
1566982235.5328488,20103,0.13820083439350128
1566982239.4903219,26804,0.13543815910816193
1566982243.738227,33505,0.13512369990348816
1566982247.895324,40206,0.13246110081672668
1566982250.1747048,46907,0.13284268975257874
1566982254.17782,53608,0.13096098601818085
1566982256.4308102,60309,0.1322735995054245
1566982260.487065,67010,0.12987710535526276
