Wall time,Step,Value
1566974645.7779891,4845,0.7217068672180176
1566974663.192425,9690,0.8330241441726685
1566974680.0335748,14535,0.853432297706604
1566974697.33318,19380,0.8756957054138184
1566974702.882358,24225,0.8775510191917419
1566974719.759825,29070,0.8942486047744751
1566974736.36179,33915,0.8886827230453491
1566974741.956469,38760,0.8311688303947449
1566974747.388305,43605,0.8979591727256775
1566974752.879767,48450,0.8923932909965515
