Wall time,Step,Value
1566972589.3288682,4845,0.4424797594547272
1566972589.949232,9690,0.3490678668022156
1566972590.582888,14535,0.3204107880592346
1566972591.186676,19380,0.3092955946922302
1566972591.8202722,24225,0.30025753378868103
1566972592.423674,29070,0.2957390546798706
1566972593.0596921,33915,0.2953743040561676
1566972593.634649,38760,0.29607319831848145
1566972594.24176,43605,0.29214078187942505
1566972594.8578188,48450,0.29152607917785645
